date,priceUsd,circulatingSupply
2024-06-01 00:00:00,67544.1626821901538587,19699693.0000000000000000
2024-06-01 01:00:00,67641.3521688612210518,19699693.0000000000000000
2024-06-01 02:00:00,67549.4130665698285512,19706225.0000000000000000
2024-06-01 03:00:00,67730.3296122779235663,19706225.0000000000000000
2024-06-01 04:00:00,67731.6634111831969165,19706225.0000000000000000
2024-06-01 05:00:00,67712.8142819548379412,19706225.0000000000000000
2024-06-01 06:00:00,67693.1516579941359935,19706275.0000000000000000
2024-06-01 07:00:00,67694.8715203917913953,19706275.0000000000000000
2024-06-01 08:00:00,67636.0631517079670141,19706328.0000000000000000
2024-06-01 09:00:00,67719.3514065711996945,19706328.0000000000000000
2024-06-01 10:00:00,67698.1631045670771715,19706328.0000000000000000
2024-06-01 11:00:00,67630.1934519199661742,19706328.0000000000000000
2024-06-01 12:00:00,67658.6429251157666903,19706371.0000000000000000
2024-06-01 13:00:00,67754.6728966807879689,19706371.0000000000000000
2024-06-01 14:00:00,67753.3071399951400946,19706431.0000000000000000
2024-06-01 15:00:00,67816.7621790996315887,19706431.0000000000000000
2024-06-01 16:00:00,67701.0211538411176022,19706431.0000000000000000
2024-06-01 17:00:00,67704.5442334789698162,19706431.0000000000000000
2024-06-01 18:00:00,67803.4720279988456633,19706490.0000000000000000
2024-06-01 19:00:00,67761.4362840776132112,19706490.0000000000000000
2024-06-01 20:00:00,67806.9423811039996305,19706525.0000000000000000
2024-06-01 21:00:00,67829.7975287021161601,19706525.0000000000000000
2024-06-01 22:00:00,67816.4206135158633465,19706525.0000000000000000
2024-06-01 23:00:00,67791.2598957175539649,19706525.0000000000000000
2024-06-02 00:00:00,67805.3304260628874196,19706571.0000000000000000
2024-06-02 01:00:00,67914.5777611130196978,19706571.0000000000000000
2024-06-02 02:00:00,67784.4909229168597255,19706653.0000000000000000
2024-06-02 03:00:00,67764.4383668754186408,19706653.0000000000000000
2024-06-02 04:00:00,67830.2153405776154953,19706653.0000000000000000
2024-06-02 05:00:00,67912.2417899177038507,19706653.0000000000000000
2024-06-02 06:00:00,67798.3432219819801674,19706681.0000000000000000
2024-06-02 07:00:00,67880.8452069512418773,19706681.0000000000000000
2024-06-02 08:00:00,67783.7079123769390856,19706725.0000000000000000
2024-06-02 09:00:00,67794.9741360521772771,19706725.0000000000000000
2024-06-02 10:00:00,67562.6334000341903203,19706725.0000000000000000
2024-06-02 11:00:00,67569.4273252361810022,19706725.0000000000000000
2024-06-02 12:00:00,68263.6531441002398663,19706778.0000000000000000
2024-06-02 13:00:00,67956.4254291548746955,19706778.0000000000000000
2024-06-02 14:00:00,68178.8011539604084433,19706800.0000000000000000
2024-06-02 15:00:00,68256.1797166014788658,19706800.0000000000000000
2024-06-02 16:00:00,68156.6089334706221316,19706800.0000000000000000
2024-06-02 17:00:00,68120.0625267367121590,19706800.0000000000000000
2024-06-02 18:00:00,67930.1052601908265559,19706890.0000000000000000
2024-06-02 19:00:00,67765.6371489866637711,19706890.0000000000000000
2024-06-02 20:00:00,67841.6579851638030048,19706925.0000000000000000
2024-06-02 21:00:00,67870.9751161603265557,19706925.0000000000000000
2024-06-02 22:00:00,67855.6841727753162363,19706925.0000000000000000
2024-06-02 23:00:00,67964.3033755680540725,19706925.0000000000000000
2024-06-03 00:00:00,67837.3092774409345591,19707028.0000000000000000
2024-06-03 01:00:00,67807.1322637546656019,19707028.0000000000000000
2024-06-03 02:00:00,68460.5816768227325688,19707103.0000000000000000
2024-06-03 03:00:00,68453.2754858054996965,19707103.0000000000000000
2024-06-03 04:00:00,68406.3038281333510095,19707103.0000000000000000
2024-06-03 05:00:00,68526.6801151388510961,19707103.0000000000000000
2024-06-03 06:00:00,68669.1496092377520395,19707153.0000000000000000
2024-06-03 07:00:00,69019.0302234996732318,19707153.0000000000000000
2024-06-03 08:00:00,68877.2654432818463533,19707218.0000000000000000
2024-06-03 09:00:00,69143.1091147998636755,19707218.0000000000000000
2024-06-03 10:00:00,69028.3441751944974349,19707218.0000000000000000
2024-06-03 11:00:00,68898.2499867936581478,19707218.0000000000000000
2024-06-03 12:00:00,69073.5329872758853397,19707265.0000000000000000
2024-06-03 13:00:00,69698.9159706739448607,19707265.0000000000000000
2024-06-03 14:00:00,69823.1383521815202933,19707265.0000000000000000
2024-06-03 15:00:00,68728.0546247605424949,19707284.0000000000000000
2024-06-03 16:00:00,69463.3671653984532809,19707284.0000000000000000
2024-06-03 17:00:00,69081.3098669666909060,19707284.0000000000000000
2024-06-03 18:00:00,69291.6516970268998231,19707284.0000000000000000
2024-06-03 19:00:00,69299.3392594123013210,19707293.0000000000000000
2024-06-03 20:00:00,69127.2900104148572967,19707293.0000000000000000
2024-06-03 21:00:00,69150.5139997663899952,19707296.0000000000000000
2024-06-03 22:00:00,69122.0805776871149940,19707296.0000000000000000
2024-06-03 23:00:00,69079.0444215213964070,19707296.0000000000000000
2024-06-04 00:00:00,68843.1373543723747968,19707296.0000000000000000
2024-06-04 01:00:00,69044.1297277985700369,19707300.0000000000000000
2024-06-04 02:00:00,69206.0853555708048769,19707300.0000000000000000
2024-06-04 03:00:00,69135.1090521567871721,19707384.0000000000000000
2024-06-04 04:00:00,69197.4841652183174805,19707384.0000000000000000
2024-06-04 05:00:00,69090.2994282035369385,19707384.0000000000000000
2024-06-04 06:00:00,68979.2168211166606168,19707384.0000000000000000
2024-06-04 07:00:00,68959.7604242389708250,19707496.0000000000000000
2024-06-04 08:00:00,69048.1837140792738894,19707496.0000000000000000
2024-06-04 09:00:00,68921.3456768800429586,19707540.0000000000000000
2024-06-04 10:00:00,68703.2509953305930644,19707540.0000000000000000
2024-06-04 11:00:00,68930.4921867670288004,19707540.0000000000000000
2024-06-04 12:00:00,68941.2819116380316848,19707593.0000000000000000
2024-06-04 13:00:00,68937.3679169591976058,19707593.0000000000000000
2024-06-04 14:00:00,69667.0001363043887863,19707593.0000000000000000
2024-06-04 15:00:00,69656.3210401110523268,19707631.0000000000000000
2024-06-04 16:00:00,70363.0196285465277906,19707631.0000000000000000
2024-06-04 17:00:00,70760.4723482916297368,19707631.0000000000000000
2024-06-04 18:00:00,70574.1543776923031537,19707631.0000000000000000
2024-06-04 19:00:00,70738.1894095031119131,19707684.0000000000000000
2024-06-04 20:00:00,70387.1593146192026477,19707684.0000000000000000
2024-06-04 21:00:00,70437.7893728509418122,19707721.0000000000000000
2024-06-04 22:00:00,70577.6692055077848980,19707721.0000000000000000
2024-06-04 23:00:00,70573.4480098212530640,19707721.0000000000000000
2024-06-05 00:00:00,70566.0793342114816788,19707721.0000000000000000
2024-06-05 01:00:00,70755.9698684682502234,19707753.0000000000000000
2024-06-05 02:00:00,70979.1619542768848014,19707753.0000000000000000
2024-06-05 03:00:00,70825.2956074938710143,19707825.0000000000000000
2024-06-05 04:00:00,70919.1188632467670975,19707825.0000000000000000
2024-06-05 05:00:00,71157.5150935843918836,19707825.0000000000000000
2024-06-05 06:00:00,70994.2099666667815711,19707825.0000000000000000
2024-06-05 07:00:00,71102.7875935841270306,19707856.0000000000000000
2024-06-05 08:00:00,71221.3229947088149819,19707856.0000000000000000
2024-06-05 09:00:00,70894.2126872075498381,19707881.0000000000000000
2024-06-05 10:00:00,70863.4038885186259641,19707881.0000000000000000
2024-06-05 11:00:00,70810.9307808877271859,19707931.0000000000000000
2024-06-05 12:00:00,70962.8683455931833989,19707931.0000000000000000
2024-06-05 13:00:00,70960.9105999739616705,19707931.0000000000000000
2024-06-05 14:00:00,70761.4282930975174107,19707931.0000000000000000
2024-06-05 15:00:00,70948.3885504195392354,19707950.0000000000000000
2024-06-05 16:00:00,71534.3967791288220439,19707950.0000000000000000
2024-06-05 17:00:00,71351.1976643034028899,19707968.0000000000000000
2024-06-05 18:00:00,71632.9180738679984364,19707968.0000000000000000
2024-06-05 19:00:00,71045.5170329966952491,19707968.0000000000000000
2024-06-05 20:00:00,71331.9952912256626705,19707968.0000000000000000
2024-06-05 21:00:00,71208.0040462027711704,19707984.0000000000000000
2024-06-05 22:00:00,71109.9235051925570709,19707984.0000000000000000
2024-06-05 23:00:00,71167.4910101633965938,19708003.0000000000000000
2024-06-06 00:00:00,71106.0405802901710346,19708003.0000000000000000
2024-06-06 01:00:00,70985.3811888108774376,19708003.0000000000000000
2024-06-06 02:00:00,71139.2353844704974721,19708003.0000000000000000
2024-06-06 03:00:00,71176.8504503306580978,19708053.0000000000000000
2024-06-06 04:00:00,71051.6864140667940947,19708053.0000000000000000
2024-06-06 05:00:00,71095.9478906377969762,19708078.0000000000000000
2024-06-06 06:00:00,70890.5491708652245584,19708078.0000000000000000
2024-06-06 07:00:00,70896.3008328701822942,19708078.0000000000000000
2024-06-06 08:00:00,71032.0880045883614958,19708078.0000000000000000
2024-06-06 09:00:00,70938.2438656948591399,19708078.0000000000000000
2024-06-06 10:00:00,70982.1507810062258519,19708078.0000000000000000
2024-06-06 11:00:00,71000.5743181130379065,19708090.0000000000000000
2024-06-06 12:00:00,71154.3771719921123235,19708090.0000000000000000
2024-06-06 13:00:00,71116.1134606036693116,19708090.0000000000000000
2024-06-06 14:00:00,71260.4498467184973322,19708090.0000000000000000
2024-06-06 15:00:00,71469.6950081431682931,19708096.0000000000000000
2024-06-06 16:00:00,71310.0396403207860628,19708096.0000000000000000
2024-06-06 17:00:00,71006.2935401398366155,19708206.0000000000000000
2024-06-06 18:00:00,71075.2091625571492863,19708206.0000000000000000
2024-06-06 19:00:00,71107.9670533076804526,19708206.0000000000000000
2024-06-06 20:00:00,70537.7853005861297891,19708206.0000000000000000
2024-06-06 21:00:00,70743.0403509034634254,19708350.0000000000000000
2024-06-06 22:00:00,70769.1300717333795337,19708350.0000000000000000
2024-06-06 23:00:00,70886.5790645718931388,19708425.0000000000000000
2024-06-07 00:00:00,70822.1674724000490243,19708425.0000000000000000
2024-06-07 01:00:00,70891.0648608544069845,19708425.0000000000000000
2024-06-07 02:00:00,70860.9464613429101150,19708425.0000000000000000
2024-06-07 03:00:00,70839.7542860787681164,19708475.0000000000000000
2024-06-07 04:00:00,71002.8802050023098009,19708475.0000000000000000
2024-06-07 05:00:00,71248.0581206294042743,19708575.0000000000000000
2024-06-07 06:00:00,71332.1416875331944199,19708575.0000000000000000
2024-06-07 07:00:00,71269.6018319101277491,19708575.0000000000000000
2024-06-07 08:00:00,71120.9738824079076536,19708575.0000000000000000
2024-06-07 09:00:00,71116.3422682028266450,19708784.0000000000000000
2024-06-07 10:00:00,71251.2496566361723681,19708784.0000000000000000
2024-06-07 11:00:00,71365.9989875456020946,19708784.0000000000000000
2024-06-07 12:00:00,71643.7278762087471234,19708871.0000000000000000
2024-06-07 13:00:00,71198.6852580725962083,19708871.0000000000000000
2024-06-07 14:00:00,71497.0949409274333425,19708871.0000000000000000
2024-06-07 15:00:00,71407.5800707835855625,19708871.0000000000000000
2024-06-07 16:00:00,71072.6848488485094789,19709025.0000000000000000
2024-06-07 17:00:00,70822.9674128028310691,19709025.0000000000000000
2024-06-07 18:00:00,69957.1405734271068373,19709100.0000000000000000
2024-06-07 19:00:00,69170.0358862397057690,19709100.0000000000000000
2024-06-07 20:00:00,69344.7241262529179564,19709100.0000000000000000
2024-06-07 21:00:00,69265.9156590834904784,19709100.0000000000000000
2024-06-07 22:00:00,69312.4006357834501428,19709143.0000000000000000
2024-06-07 23:00:00,69541.4842453435253235,19709143.0000000000000000
2024-06-08 00:00:00,69413.5470403855881211,19709196.0000000000000000
2024-06-08 01:00:00,69458.3484864507403894,19709196.0000000000000000
2024-06-08 02:00:00,69522.1585001592894718,19709262.0000000000000000
2024-06-08 03:00:00,69477.6876433039052767,19709262.0000000000000000
2024-06-08 04:00:00,69494.4401665553758126,19709262.0000000000000000
2024-06-08 05:00:00,69355.4786375496381241,19709262.0000000000000000
2024-06-08 06:00:00,69357.6121448244999485,19709331.0000000000000000
2024-06-08 07:00:00,69372.3401054695259144,19709331.0000000000000000
2024-06-08 08:00:00,69604.0308354754016124,19709381.0000000000000000
2024-06-08 09:00:00,69476.7178769801141090,19709381.0000000000000000
2024-06-08 10:00:00,69471.3037870886217329,19709381.0000000000000000
2024-06-08 11:00:00,69508.9818515966356751,19709437.0000000000000000
2024-06-08 12:00:00,69440.4183590615115564,19709437.0000000000000000
2024-06-08 13:00:00,69402.1501997033464676,19709437.0000000000000000
2024-06-08 14:00:00,69459.4017420435800199,19709437.0000000000000000
2024-06-08 15:00:00,69522.7445319401525739,19709496.0000000000000000
2024-06-08 16:00:00,69503.5325523111232147,19709496.0000000000000000
2024-06-08 17:00:00,69444.7809592403911888,19709578.0000000000000000
2024-06-08 18:00:00,69514.3372382676395293,19709578.0000000000000000
2024-06-08 19:00:00,69541.2018416037974863,19709578.0000000000000000
2024-06-08 20:00:00,69542.9161982034372535,19709578.0000000000000000
2024-06-08 21:00:00,69457.4840565885877741,19709665.0000000000000000
2024-06-08 22:00:00,69509.7317643853100199,19709665.0000000000000000
2024-06-08 23:00:00,69448.0293031290722818,19709721.0000000000000000
2024-06-09 00:00:00,69373.6006404863225509,19709721.0000000000000000
2024-06-09 01:00:00,69384.3845225063253763,19709721.0000000000000000
2024-06-09 02:00:00,69405.2712488892801485,19709721.0000000000000000
2024-06-09 03:00:00,69242.5724059932454855,19709771.0000000000000000
2024-06-09 04:00:00,69315.1607046489443870,19709771.0000000000000000
2024-06-09 05:00:00,69344.5120784144798920,19709787.0000000000000000
2024-06-09 06:00:00,69422.7746810016467155,19709787.0000000000000000
2024-06-09 07:00:00,69497.3671176974611732,19709787.0000000000000000
2024-06-09 08:00:00,69409.5227869803881474,19709787.0000000000000000
2024-06-09 09:00:00,69469.0064715110739801,19709787.0000000000000000
2024-06-09 10:00:00,69492.0378626791196883,19709787.0000000000000000
2024-06-09 11:00:00,69454.3328301905742783,19709903.0000000000000000
2024-06-09 12:00:00,69499.6185917055411180,19709903.0000000000000000
2024-06-09 13:00:00,69769.7252507508829771,19709903.0000000000000000
2024-06-09 14:00:00,69533.6715877163486892,19709903.0000000000000000
2024-06-09 15:00:00,69598.9756277121945764,19709968.0000000000000000
2024-06-09 16:00:00,69639.7808313937645844,19709968.0000000000000000
2024-06-09 17:00:00,69732.0388956267488148,19710003.0000000000000000
2024-06-09 18:00:00,69781.2529214139571059,19710003.0000000000000000
2024-06-09 19:00:00,69857.7451679919113647,19710003.0000000000000000
2024-06-09 20:00:00,69830.6490578807658039,19710003.0000000000000000
2024-06-09 21:00:00,69763.0085499017404793,19710071.0000000000000000
2024-06-09 22:00:00,69808.5697811282219234,19710071.0000000000000000
2024-06-09 23:00:00,69676.8235067104261462,19710168.0000000000000000
2024-06-10 00:00:00,69708.2923093849944970,19710168.0000000000000000
2024-06-10 01:00:00,69587.5610883249260155,19710168.0000000000000000
2024-06-10 02:00:00,69686.9675204610081594,19710168.0000000000000000
2024-06-10 03:00:00,69765.9555720855554964,19710246.0000000000000000
2024-06-10 04:00:00,69664.4698135993747411,19710246.0000000000000000
2024-06-10 05:00:00,69727.9461887446651037,19710290.0000000000000000
2024-06-10 06:00:00,69593.8882700888366880,19710290.0000000000000000
2024-06-10 07:00:00,69484.4187041044927041,19710290.0000000000000000
2024-06-10 08:00:00,69344.6682715262747132,19710290.0000000000000000
2024-06-10 09:00:00,69500.2255174632468931,19710371.0000000000000000
2024-06-10 10:00:00,69488.0134076807945393,19710371.0000000000000000
2024-06-10 11:00:00,69492.3840944777280641,19710390.0000000000000000
2024-06-10 12:00:00,69483.0599153157092975,19710390.0000000000000000
2024-06-10 13:00:00,69412.6837369130224111,19710390.0000000000000000
2024-06-10 14:00:00,69420.2395976180056427,19710390.0000000000000000
2024-06-10 15:00:00,69696.5641141785854166,19710418.0000000000000000
2024-06-10 16:00:00,70059.6173003328207695,19710418.0000000000000000
2024-06-10 17:00:00,70014.8783725887029733,19710496.0000000000000000
2024-06-10 18:00:00,70039.1038835362182463,19710496.0000000000000000
2024-06-10 19:00:00,69904.5037263494322758,19710496.0000000000000000
2024-06-10 20:00:00,69526.1866804488986680,19710496.0000000000000000
2024-06-10 21:00:00,69695.0248317308213940,19710543.0000000000000000
2024-06-10 22:00:00,69612.5481399515292868,19710543.0000000000000000
2024-06-10 23:00:00,69490.1806575860271293,19710543.0000000000000000
2024-06-11 00:00:00,69550.6963017089907444,19710618.0000000000000000
2024-06-11 01:00:00,69425.7059989951599347,19710618.0000000000000000
2024-06-11 02:00:00,68941.4558515540122788,19710618.0000000000000000
2024-06-11 03:00:00,68258.9076427873902967,19710618.0000000000000000
2024-06-11 04:00:00,68418.6254425397037588,19710653.0000000000000000
2024-06-11 05:00:00,68050.6964832617572070,19710653.0000000000000000
2024-06-11 06:00:00,67849.8138152948869494,19710731.0000000000000000
2024-06-11 07:00:00,67631.6131955121798279,19710731.0000000000000000
2024-06-11 08:00:00,67576.2789146300259754,19710731.0000000000000000
2024-06-11 09:00:00,67547.1754259773445213,19710731.0000000000000000
2024-06-11 10:00:00,67064.5984955392924494,19710781.0000000000000000
2024-06-11 11:00:00,66963.6013011746518852,19710846.0000000000000000
2024-06-11 12:00:00,66857.1422607740666835,19710846.0000000000000000
2024-06-11 13:00:00,67032.4614808609472293,19710846.0000000000000000
2024-06-11 14:00:00,66796.5044431962459254,19710846.0000000000000000
2024-06-11 15:00:00,66899.3810032403078074,19710846.0000000000000000
2024-06-11 16:00:00,66220.2018912722838206,19710859.0000000000000000
2024-06-11 17:00:00,66471.2552783831363261,19710859.0000000000000000
2024-06-11 18:00:00,66692.2845166224991272,19710950.0000000000000000
2024-06-11 19:00:00,67116.9517759788597480,19710950.0000000000000000
2024-06-11 20:00:00,67496.3783477154418118,19710993.0000000000000000
2024-06-11 21:00:00,67249.5580439836855076,19710993.0000000000000000
2024-06-11 22:00:00,67396.3833215738800585,19710993.0000000000000000
2024-06-11 23:00:00,67400.3161119168557510,19710993.0000000000000000
2024-06-12 00:00:00,67358.3489419940507791,19711006.0000000000000000
2024-06-12 01:00:00,67228.6838447542310552,19711006.0000000000000000
2024-06-12 02:00:00,67140.9151628717959667,19711075.0000000000000000
2024-06-12 03:00:00,67433.9713923828121729,19711075.0000000000000000
2024-06-12 04:00:00,67426.2898398662453289,19711075.0000000000000000
2024-06-12 05:00:00,67502.9626227805508297,19711075.0000000000000000
2024-06-12 06:00:00,67271.7355151938804074,19711146.0000000000000000
2024-06-12 07:00:00,67322.8754768466706762,19711146.0000000000000000
2024-06-12 08:00:00,67453.1547863073359726,19711146.0000000000000000
2024-06-12 09:00:00,67398.7385311564262654,19711209.0000000000000000
2024-06-12 10:00:00,67718.1662027595082722,19711209.0000000000000000
2024-06-12 11:00:00,67983.2352048974924907,19711209.0000000000000000
2024-06-12 12:00:00,67760.1794073100542328,19711209.0000000000000000
2024-06-12 13:00:00,69241.1231280322604813,19711265.0000000000000000
2024-06-12 14:00:00,69393.3102962814725529,19711265.0000000000000000
2024-06-12 15:00:00,69944.8220490082787599,19711278.0000000000000000
2024-06-12 16:00:00,69779.3313857639458554,19711278.0000000000000000
2024-06-12 17:00:00,69633.9500969320086645,19711312.0000000000000000
2024-06-12 18:00:00,69872.1879064198819972,19711312.0000000000000000
2024-06-12 19:00:00,68987.1889520364716127,19711312.0000000000000000
2024-06-12 20:00:00,67565.0979803767880615,19711312.0000000000000000
2024-06-12 21:00:00,68127.9351652910845588,19711346.0000000000000000
2024-06-12 22:00:00,68587.1208573679697011,19711346.0000000000000000
2024-06-12 23:00:00,68364.7539018390484076,19711471.0000000000000000
2024-06-13 00:00:00,68261.7252790771637879,19711471.0000000000000000
2024-06-13 01:00:00,68361.4587425367841636,19711471.0000000000000000
2024-06-13 02:00:00,68026.9835823695663333,19711471.0000000000000000
2024-06-13 03:00:00,67787.0920393474779500,19711525.0000000000000000
2024-06-13 04:00:00,67452.1434405872174295,19711525.0000000000000000
2024-06-13 05:00:00,67394.6407967913458792,19711571.0000000000000000
2024-06-13 06:00:00,67621.4121663537121619,19711571.0000000000000000
2024-06-13 07:00:00,67530.1172621751658218,19711571.0000000000000000
2024-06-13 08:00:00,67714.7938684582100023,19711571.0000000000000000
2024-06-13 09:00:00,67610.8257242027445119,19711606.0000000000000000
2024-06-13 10:00:00,67427.7774178073500633,19711606.0000000000000000
2024-06-13 11:00:00,67784.8627804204067004,19711700.0000000000000000
2024-06-13 12:00:00,67736.2286618426570463,19711700.0000000000000000
2024-06-13 13:00:00,67650.4064440764572630,19711706.0000000000000000
2024-06-13 14:00:00,67616.7027819745295675,19711706.0000000000000000
2024-06-13 15:00:00,67480.6325605344120481,19711775.0000000000000000
2024-06-13 16:00:00,66538.4822806465049565,19711775.0000000000000000
2024-06-13 17:00:00,66939.4405970604423117,19711815.0000000000000000
2024-06-13 18:00:00,66892.2498012356321424,19711815.0000000000000000
2024-06-13 19:00:00,66885.7310636079731590,19711831.0000000000000000
2024-06-13 20:00:00,66666.0027106907267510,19711831.0000000000000000
2024-06-13 21:00:00,66661.3251900032577879,19711843.0000000000000000
2024-06-13 22:00:00,66947.3869443453783157,19711843.0000000000000000
2024-06-13 23:00:00,66892.1577829090270014,19711868.0000000000000000
2024-06-14 00:00:00,66772.2306130024154966,19711868.0000000000000000
2024-06-14 01:00:00,66710.0544826166192077,19711921.0000000000000000
2024-06-14 02:00:00,66758.9732512143471913,19711921.0000000000000000
2024-06-14 03:00:00,66970.0110978761268963,19711931.0000000000000000
2024-06-14 04:00:00,66723.8323892004210260,19711931.0000000000000000
2024-06-14 05:00:00,66718.6559572679392326,19711950.0000000000000000
2024-06-14 06:00:00,67059.3073968544237322,19711950.0000000000000000
2024-06-14 07:00:00,66964.3392361666145274,19711981.0000000000000000
2024-06-14 08:00:00,66961.2179948866225687,19711981.0000000000000000
2024-06-14 09:00:00,67150.2063224695914842,19711993.0000000000000000
2024-06-14 10:00:00,66901.7734175807287176,19711993.0000000000000000
2024-06-14 11:00:00,66829.1816879205754283,19712021.0000000000000000
2024-06-14 12:00:00,67000.5193674295631844,19712021.0000000000000000
2024-06-14 13:00:00,67044.8468626357273226,19712025.0000000000000000
2024-06-14 14:00:00,67111.7757886727519086,19712025.0000000000000000
2024-06-14 15:00:00,66931.3981312987501645,19712053.0000000000000000
2024-06-14 16:00:00,66393.4555594104468038,19712071.0000000000000000
2024-06-14 17:00:00,65339.6352670273109044,19712071.0000000000000000
2024-06-14 18:00:00,65427.9023980010483118,19712118.0000000000000000
2024-06-14 19:00:00,65490.3782643834208662,19712118.0000000000000000
2024-06-14 20:00:00,65515.8454726997845090,19712118.0000000000000000
2024-06-14 21:00:00,65767.2744843381702677,19712118.0000000000000000
2024-06-14 22:00:00,66198.1407874255659716,19712137.0000000000000000
2024-06-14 23:00:00,66072.1267125499877515,19712137.0000000000000000
2024-06-15 00:00:00,66103.7178650914117016,19712165.0000000000000000
2024-06-15 01:00:00,66281.1354423036711515,19712165.0000000000000000
2024-06-15 02:00:00,66138.3761637538332030,19712175.0000000000000000
2024-06-15 03:00:00,66256.7738575494234622,19712175.0000000000000000
2024-06-15 04:00:00,66309.7129195591382611,19712181.0000000000000000
2024-06-15 05:00:00,66288.9347266897697497,19712181.0000000000000000
2024-06-15 06:00:00,66287.0846645803514940,19712234.0000000000000000
2024-06-15 07:00:00,66192.2249419146380483,19712234.0000000000000000
2024-06-15 08:00:00,66099.5651693312984919,19712234.0000000000000000
2024-06-15 09:00:00,66222.2312104806768996,19712234.0000000000000000
2024-06-15 10:00:00,66228.2932343359323228,19712234.0000000000000000
2024-06-15 11:00:00,66343.5995158920633372,19712234.0000000000000000
2024-06-15 12:00:00,66346.1664899057322095,19712268.0000000000000000
2024-06-15 13:00:00,66410.4270220651069147,19712268.0000000000000000
2024-06-15 14:00:00,66325.5789011539389056,19712362.0000000000000000
2024-06-15 15:00:00,66260.3120279591035560,19712362.0000000000000000
2024-06-15 16:00:00,66300.8333236478209257,19712387.0000000000000000
2024-06-15 17:00:00,66209.5697623281371883,19712387.0000000000000000
2024-06-15 18:00:00,66292.3812905656871286,19712412.0000000000000000
2024-06-15 19:00:00,66185.7427352025595820,19712412.0000000000000000
2024-06-15 20:00:00,66195.3639104687948283,19712431.0000000000000000
2024-06-15 21:00:00,66132.5055573455814415,19712431.0000000000000000
2024-06-15 22:00:00,66209.4499030709572302,19712456.0000000000000000
2024-06-15 23:00:00,66286.6448675779600940,19712456.0000000000000000
2024-06-16 00:00:00,66296.6787572895595430,19712456.0000000000000000
2024-06-16 01:00:00,66227.7822661902692293,19712456.0000000000000000
2024-06-16 02:00:00,66258.4285484130714487,19712456.0000000000000000
2024-06-16 03:00:00,66206.3790830523451509,19712456.0000000000000000
2024-06-16 04:00:00,66210.0859035375659867,19712456.0000000000000000
2024-06-16 05:00:00,66256.3823309732181132,19712456.0000000000000000
2024-06-16 06:00:00,66334.3955598970338197,19712456.0000000000000000
2024-06-16 07:00:00,66401.3658087412917850,19712456.0000000000000000
2024-06-16 08:00:00,66306.5494394895442402,19712456.0000000000000000
2024-06-16 09:00:00,66313.9663455812556009,19712456.0000000000000000
2024-06-16 10:00:00,66428.5112269787901287,19712456.0000000000000000
2024-06-16 11:00:00,66754.3458326616927191,19712456.0000000000000000
2024-06-16 12:00:00,66527.3532320806623407,19712456.0000000000000000
2024-06-16 13:00:00,66648.1485718343258706,19712456.0000000000000000
2024-06-16 14:00:00,66781.6960309005308998,19712456.0000000000000000
2024-06-16 15:00:00,66546.0666047633972756,19712456.0000000000000000
2024-06-16 16:00:00,66787.5589995684813184,19712456.0000000000000000
2024-06-16 17:00:00,66627.7578223067855682,19712456.0000000000000000
2024-06-16 18:00:00,66591.8270345085416661,19712456.0000000000000000
2024-06-16 19:00:00,66634.2240753178799771,19712456.0000000000000000
2024-06-16 20:00:00,66591.7143448817655519,19712456.0000000000000000
2024-06-16 21:00:00,66529.2063098260220634,19712456.0000000000000000
2024-06-16 22:00:00,66530.1645017856991605,19712456.0000000000000000
2024-06-16 23:00:00,66750.8869226589009775,19712456.0000000000000000
2024-06-17 00:00:00,66687.8058822117765810,19712456.0000000000000000
2024-06-17 01:00:00,66581.5008820917961992,19712456.0000000000000000
2024-06-17 02:00:00,66484.3838061356646171,19712456.0000000000000000
2024-06-17 03:00:00,66370.5012761017197389,19712456.0000000000000000
2024-06-17 04:00:00,66265.4941281174616333,19712456.0000000000000000
2024-06-17 05:00:00,66439.9661038106612921,19712456.0000000000000000
2024-06-17 06:00:00,66379.7170591644038798,19712456.0000000000000000
2024-06-17 07:00:00,66142.0658736527932720,19712456.0000000000000000
2024-06-17 08:00:00,66190.0440174831946667,19712456.0000000000000000
2024-06-17 09:00:00,66206.9383998741928445,19712456.0000000000000000
2024-06-17 10:00:00,65796.3696382047640204,19712456.0000000000000000
2024-06-17 11:00:00,65878.6116221378321875,19712456.0000000000000000
2024-06-17 12:00:00,65829.2443404279740574,19712456.0000000000000000
2024-06-17 13:00:00,65595.5705891004830311,19712456.0000000000000000
2024-06-17 14:00:00,65235.8039358954750737,19712456.0000000000000000
2024-06-17 15:00:00,65443.2876597500508189,19712456.0000000000000000
2024-06-17 16:00:00,65370.1507500301151968,19712456.0000000000000000
2024-06-17 17:00:00,65895.9417517512097305,19712456.0000000000000000
2024-06-17 18:00:00,66514.3989554246740522,19712456.0000000000000000
2024-06-17 19:00:00,67054.3988515947632065,19712456.0000000000000000
2024-06-17 20:00:00,66661.4972633093731372,19712456.0000000000000000
2024-06-17 21:00:00,66431.1025467937269774,19712456.0000000000000000
2024-06-17 22:00:00,66611.4107197987127252,19712456.0000000000000000
2024-06-17 23:00:00,66650.6030764106010731,19712456.0000000000000000
2024-06-18 00:00:00,66509.6523001052912739,19712456.0000000000000000
2024-06-18 01:00:00,65763.1919590148853659,19712456.0000000000000000
2024-06-18 02:00:00,65114.8340030806009598,19712456.0000000000000000
2024-06-18 03:00:00,65498.1625388229670004,19712456.0000000000000000
2024-06-18 04:00:00,65564.7946500116956657,19712456.0000000000000000
2024-06-18 05:00:00,65672.5838503750017551,19712456.0000000000000000
2024-06-18 06:00:00,65638.0903499034453810,19712456.0000000000000000
2024-06-18 07:00:00,65478.2006919094021596,19712456.0000000000000000
2024-06-18 08:00:00,65715.3596890738229635,19712456.0000000000000000
2024-06-18 09:00:00,65787.6641662228591477,19712456.0000000000000000
2024-06-18 10:00:00,65546.2748227990431493,19712456.0000000000000000
2024-06-18 11:00:00,65473.2370271271655536,19712456.0000000000000000
2024-06-18 12:00:00,65405.1407628086768493,19712456.0000000000000000
2024-06-18 13:00:00,65202.4485833611204031,19712456.0000000000000000
2024-06-18 14:00:00,64809.5749076150756892,19712456.0000000000000000
2024-06-18 15:00:00,64817.6715729672564984,19712456.0000000000000000
2024-06-18 16:00:00,64671.5087335163030057,19712456.0000000000000000
2024-06-18 17:00:00,64558.6853926763249564,19712456.0000000000000000
2024-06-18 18:00:00,64637.7987666465590115,19712456.0000000000000000
2024-06-18 19:00:00,64683.8027277639819382,19712456.0000000000000000
2024-06-18 20:00:00,64402.7624633385981520,19712456.0000000000000000
2024-06-18 21:00:00,64972.9359783280204041,19712456.0000000000000000
2024-06-18 22:00:00,65222.8134646019561543,19712456.0000000000000000
2024-06-18 23:00:00,65279.4914817716384250,19712456.0000000000000000
2024-06-19 00:00:00,65170.3060491180614757,19712456.0000000000000000
2024-06-19 01:00:00,65177.5317380707523687,19712456.0000000000000000
2024-06-19 02:00:00,65021.7875182660567327,19712456.0000000000000000
2024-06-19 03:00:00,65402.1550956285587380,19712456.0000000000000000
2024-06-19 04:00:00,65472.9529233418309791,19712456.0000000000000000
2024-06-19 05:00:00,65479.1861861551816069,19712456.0000000000000000
2024-06-19 06:00:00,65487.1818071385171756,19712456.0000000000000000
2024-06-19 07:00:00,65625.6487744181366827,19712456.0000000000000000
2024-06-19 08:00:00,65381.0552076489832478,19712456.0000000000000000
2024-06-19 09:00:00,65191.4583072023658454,19712456.0000000000000000
2024-06-19 10:00:00,65262.3888852364497392,19712456.0000000000000000
2024-06-19 11:00:00,65427.9407283950040329,19712456.0000000000000000
2024-06-19 12:00:00,65214.5860788104983951,19712456.0000000000000000
2024-06-19 13:00:00,65230.8618506465186169,19712456.0000000000000000
